chi_parameter_water,chi_parameter_ethanol,chi_parameter_chloroform
1.0745212572286116,0.10262278161702015,0.20581186140783161
