chi_parameter_water,chi_parameter_ethanol,chi_parameter_chloroform
1.119178938566722,0.1514245779719563,0.1390386538689735
