chi_parameter_water,chi_parameter_ethanol,chi_parameter_chloroform
1.0995370833422367,0.10832709374056886,0.22415452747416845
