chi_parameter_water,chi_parameter_ethanol,chi_parameter_chloroform
1.119604331858129,0.14138973468090618,0.16489305260235362
