chi_parameter_water,chi_parameter_ethanol,chi_parameter_chloroform
1.1090007429541544,0.09799249926261443,0.17833919305122597
